keyword,volume,seo_difficulty,cpc,paid_difficulty,competition,intent,page_owner,commercial_value,evidence_source,priority,serp_notes
custom web development,880,29,23.13,7,0.07,Commercial Investigation,/services/custom-web-development,VERY HIGH,"Ubersuggest MCP verified (locId 2840 US) + SERP shape",P0,"Dense India city modifiers: delhi, mumbai, kolkata, bangalore, noida, hyderabad, kochi, coimbatore. Volume flat-to-rising 590/1000/880."
custom web development services,N/A - QUOTA,N/A - QUOTA,N/A - QUOTA,N/A - QUOTA,N/A - QUOTA,Transactional,/services/custom-web-development,VERY HIGH,"Google autocomplete verified query; volume unknown",P1,Transactional variant of core head term.
custom web development agency,N/A - QUOTA,N/A - QUOTA,N/A - QUOTA,N/A - QUOTA,N/A - QUOTA,Transactional,/services/custom-web-development,VERY HIGH,"Google autocomplete verified query; volume unknown",P1,Agency modifier attracts evaluators pre-contact.
custom web development company,N/A - QUOTA,N/A - QUOTA,N/A - QUOTA,N/A - QUOTA,N/A - QUOTA,Transactional,/services/custom-web-development,HIGH,"Google autocomplete verified query; volume unknown",P2,Company variant; overlaps agency variant - same owner.
custom web development india,N/A - QUOTA,N/A - QUOTA,N/A - QUOTA,N/A - QUOTA,N/A - QUOTA,Local/Commercial,/services/custom-web-development,HIGH,"Google autocomplete verified query; volume unknown",P1,India-geographic demand confirmed present.
custom web development cost,N/A - QUOTA,N/A - QUOTA,N/A - QUOTA,N/A - QUOTA,N/A - QUOTA,Commercial Investigation,/services/custom-web-development,VERY HIGH,"Google autocomplete verified query; volume unknown",P1,Part of G1 pricing gap. Unowned currently.
custom web development near me,N/A - QUOTA,N/A - QUOTA,N/A - QUOTA,N/A - QUOTA,N/A - QUOTA,Local/Transactional,/services/custom-web-development,MEDIUM,"Google autocomplete verified query; volume unknown",P3,Local-pack intent likely; low strategic value for national service.
web application development services,N/A - QUOTA,N/A - QUOTA,N/A - QUOTA,N/A - QUOTA,N/A - QUOTA,Transactional,/services/web-application-development,HIGH,"Google autocomplete verified query; volume unknown",P2,"Commercial tail is real but head term is education-polluted in India (gtu, bca, nptel, syllabus)."
web application development agency,N/A - QUOTA,N/A - QUOTA,N/A - QUOTA,N/A - QUOTA,N/A -QUOTA,Transactional,/services/web-application-development,HIGH,"Google autocomplete verified query; volume unknown",P2,Agency modifier within education-polluted cluster.
web application development company,N/A - QUOTA,N/A - QUOTA,N/A - QUOTA,N/A - QUOTA,N/A - QUOTA,Transactional,/services/web-application-development,HIGH,"Google autocomplete verified query; volume unknown",P3,See C1 - overlaps custom web development.
web app development company in india,N/A - QUOTA,N/A - QUOTA,N/A - QUOTA,N/A - QUOTA,N/A - QUOTA,Local/Transactional,/services/web-application-development,HIGH,"Google autocomplete verified query; volume unknown",P2,India-local commercial variant.
website redesign services,N/A - QUOTA,N/A - QUOTA,N/A - QUOTA,N/A - QUOTA,N/A - QUOTA,Transactional,/services/website-redesign,HIGH,"Google autocomplete verified query; volume unknown",P2,"Commercial tail solid: services, agency, company in bangalore/delhi/chennai."
website redesign agency,N/A - QUOTA,N/A - QUOTA,N/A - QUOTA,N/A - QUOTA,N/A - QUOTA,Transactional,/services/website-redesign,HIGH,"Google autocomplete verified query; volume unknown",P2,Agency modifier.
website redesign cost,N/A - QUOTA,N/A - QUOTA,N/A - QUOTA,N/A - QUOTA,N/A - QUOTA,Commercial Investigation,/services/website-redesign,VERY HIGH,"Google autocomplete verified query; volume unknown",P1,Part of G1 pricing gap. Also observed: average cost of website redesign.
website redesign and development services,N/A - QUOTA,N/A - QUOTA,N/A - QUOTA,N/A - QUOTA,N/A - QUOTA,Transactional,/services/website-redesign,HIGH,"Google autocomplete verified query; volume unknown",P3,Combined intent - redesign plus build.
website redesign company in india,N/A - QUOTA,N/A - QUOTA,N/A - QUOTA,N/A - QUOTA,N/A - QUOTA,Local/Transactional,/services/website-redesign,HIGH,"Google autocomplete verified query; volume unknown",P2,India-local commercial variant.
website speed optimization,N/A - QUOTA,N/A - QUOTA,N/A - QUOTA,N/A - QUOTA,N/A - QUOTA,Informational/Commercial,/services/website-performance-optimization,VERY HIGH,"Google autocomplete verified query; volume unknown",P1,"G2: market searches SPEED not performance. Page currently targets weaker term. Also: checker, test, plugin, tools."
website speed optimization services,N/A - QUOTA,N/A - QUOTA,N/A - QUOTA,N/A - QUOTA,N/A - QUOTA,Transactional,/services/website-performance-optimization,VERY HIGH,"Google autocomplete verified query; volume unknown",P1,Transactional variant of G2 primary.
website speed optimization wordpress,N/A - QUOTA,N/A - QUOTA,N/A - QUOTA,N/A - QUOTA,N/A - QUOTA,Commercial Investigation,/services/website-performance-optimization,HIGH,"Google autocomplete verified query; volume unknown",P2,Platform-qualified; collides with wordpress-development page - monitor.
website performance optimization services,N/A - QUOTA,N/A - QUOTA,N/A - QUOTA,N/A - QUOTA,N/A - QUOTA,Transactional,/services/website-performance-optimization,HIGH,"Google autocomplete verified query; volume unknown",P3,"Term carries academic noise: udacity, course, meaning, by google."
wordpress development services,N/A - QUOTA,N/A - QUOTA,N/A - QUOTA,N/A - QUOTA,N/A - QUOTA,Transactional,/services/wordpress-development,HIGH,"Google autocomplete verified query; volume unknown",P2,Transactional head variant.
wordpress development agency,N/A - QUOTA,N/A - QUOTA,N/A - QUOTA,N/A - QUOTA,N/A - QUOTA,Transactional,/services/wordpress-development,HIGH,"Google autocomplete verified query; volume unknown",P2,"Agency modifiers: usa, uk, london, india, delhi, dubai, canada, sydney."
wordpress development company,N/A - QUOTA,N/A - QUOTA,N/A - QUOTA,N/A - QUOTA,N/A - QUOTA,Transactional,/services/wordpress-development,HIGH,"Google autocomplete verified query; volume unknown",P2,Company variant.
wordpress development company in india,N/A - QUOTA,N/A - QUOTA,N/A - QUOTA,N/A - QUOTA,N/A - QUOTA,Local/Transactional,/services/wordpress-development,HIGH,"Google autocomplete verified query; volume unknown",P2,India-local; cluster includes coimbatore, bhubaneswar, bangalore.
shopify development services,N/A - QUOTA,N/A - QUOTA,N/A - QUOTA,N/A - QUOTA,N/A - QUOTA,Transactional,/services/shopify-development,HIGH,"Google autocomplete verified query; volume unknown",P2,Primary transactional variant.
shopify development agency,N/A - QUOTA,N/A - QUOTA,N/A - QUOTA,N/A - QUOTA,N/A - QUOTA,Transactional,/services/shopify-development,HIGH,"Google autocomplete verified query; volume unknown",P2,"Modifiers: india, usa, mumbai, ahmedabad, dubai."
shopify development company,N/A - QUOTA,N/A - QUOTA,N/A - QUOTA,N/A - QUOTA,N/A - QUOTA,Transactional,/services/shopify-development,HIGH,"Google autocomplete verified query; volume unknown",P2,Company variant.
shopify development cost,N/A - QUOTA,N/A - QUOTA,N/A - QUOTA,N/A - QUOTA,N/A - QUOTA,Commercial Investigation,/services/shopify-development,VERY HIGH,"Google autocomplete verified query; volume unknown",P1,G3. No pricing content exists for Shopify cluster.
ai automation agency,N/A - QUOTA,N/A - QUOTA,N/A - QUOTA,N/A - QUOTA,N/A - QUOTA,Transactional,/services/ai-automation,HIGH,"Google autocomplete verified query; volume unknown",P2,Includes course and how-to-start noise; liam ottley accelerator brand.
ai automation agency in india,N/A - QUOTA,N/A - QUOTA,N/A - QUOTA,N/A - QUOTA,N/A - QUOTA,Local/Transactional,/services/ai-automation,HIGH,"Google autocomplete verified query; volume unknown",P1,"Modifiers: bangalore, ahmedabad, mumbai."
ai automation agency near me,N/A - QUOTA,N/A - QUOTA,N/A - QUOTA,N/A - QUOTA,N/A - QUOTA,Local/Transactional,/services/ai-automation,MEDIUM,"Google autocomplete verified query; volume unknown",P3,Local-pack intent.
ai automation agency usa,N/A - QUOTA,N/A - QUOTA,N/A - QUOTA,N/A - QUOTA,N/A - QUOTA,Local/Commercial,No Target - off-market,LOW,"Google autocomplete verified query; volume unknown",P4,US-local modifier irrelevant to .co.in positioning.
ai search optimization,N/A - QUOTA,N/A - QUOTA,N/A - QUOTA,N/A - QUOTA,N/A -QUOTA,Informational,/services/ai-search-optimization,MEDIUM,"Google autocomplete verified query; volume unknown",P3,"Acronym disambiguation storm: aeo, aio, aiso, aso, geo. Term-definition stage."
ai search optimization services,N/A - QUOTA,N/A - QUOTA,N/A - QUOTA,N/A - QUOTA,N/A - QUOTA,Transactional,/services/ai-search-optimization,MEDIUM,"Google autocomplete verified query; volume unknown",P3,Commercial tail beneath acronym noise.
ai search optimization agency,N/A - QUOTA,N/A - QUOTA,N/A - QUOTA,N/A - QUOTA,N/A - QUOTA,Transactional,/services/ai-search-optimization,MEDIUM,"Google autocomplete verified query; volume unknown",P3,Emerging cluster - bet not revenue play.
wordpress malware removal,480,29,34.30,23,0.23,Emergency/Transactional,/services/wordpress-malware-removal,VERY HIGH,"Ubersuggest MCP verified (locId 2840 US) + SERP shape",P0,"HIGHEST CPC in study. Volume spiking 4.4x MoM: 110 to 480. Absorbs redirect, backdoor, virus, recovery terms. DIY plugin noise present."
wordpress malware removal service,N/A - QUOTA,N/A - QUOTA,N/A - QUOTA,N/A - QUOTA,N/A - QUOTA,Transactional,/services/wordpress-malware-removal,VERY HIGH,"Google autocomplete verified query; volume unknown",P1,Singular service variant of P0 term.
wordpress hacked website recovery,N/A - QUOTA,N/A - QUOTA,N/A - QUOTA,N/A - QUOTA,N/A - QUOTA,Emergency,/services/wordpress-malware-removal,VERY HIGH,"Google autocomplete verified query; volume unknown",P1,"G8. Also: wordpress malware removal and hacked website recovery. Rising with parent volume."
wordpress virus removal,N/A - QUOTA,N/A - QUOTA,N/A - QUOTA,N/A - QUOTA,N/A - QUOTA,Emergency/Transactional,/services/wordpress-malware-removal,HIGH,"Google autocomplete verified query; volume unknown",P2,Virus vocabulary; same buyer as malware removal.
best wordpress malware removal,N/A - QUOTA,N/A - QUOTA,N/A - QUOTA,N/A - QUOTA,N/A - QUOTA,Commercial Investigation,/services/wordpress-malware-removal,HIGH,"Google autocomplete verified query; volume unknown",P2,Listicle intent; evaluators comparing options.
wordpress backdoor removal,N/A - QUOTA,N/A - QUOTA,N/A - QUOTA,N/A - QUOTA,N/A - QUOTA,Commercial Investigation,/services/wordpress-backdoor-removal,HIGH,"Google autocomplete verified query; volume unknown",P2,"See C8: absorbed into wordpress malware removal SERP."
how to find backdoor wordpress,N/A - QUOTA,N/A - QUOTA,N/A - QUOTA,N/A - QUOTA,N/A - QUOTA,Informational,/blog/wordpress-backdoors-stealth-web-shells,MEDIUM,"Google autocomplete verified question query; volume unknown",P3,G5. Explicit question form; existing blog covers content under different phrasing.
how to remove redirect malware wordpress,N/A - QUOTA,N/A - QUOTA,N/A - QUOTA,N/A - QUOTA,N/A - QUOTA,Informational/Emergency,/blog/wordpress-malicious-redirects-cleanup,MEDIUM,"Google autocomplete verified question query; volume unknown",P3,Redirect removal service page has near-zero organic market - see SERP notes in MD.
wordpress security audit,N/A - QUOTA,N/A - QUOTA,N/A - QUOTA,N/A - QUOTA,N/A - QUOTA,Commercial Investigation,/services/wordpress-security-audit,HIGH,"Google autocomplete verified query; volume unknown",P2,"Heavy checklist/tool noise: checklist, tool, scan, plugin free, guidelines."
website security hardening,N/A - QUOTA,N/A - QUOTA,N/A - QUOTA,N/A - QUOTA,N/A - QUOTA,Informational/Commercial,/services/website-security-hardening,MEDIUM,"Google autocomplete verified query; volume unknown",P3,"Head term collides with server/Windows hardening + Hostgator pollution."
how much does it cost to build a custom website,N/A - QUOTA,N/A - QUOTA,N/A - QUOTA,N/A - QUOTA,N/A - QUOTA,Commercial Investigation,Future Blog #16,VERY HIGH,"Google autocomplete verified question query; volume unknown",P0,"G1 CRITICAL. 15+ cost queries across 4 clusters. No pricing content exists anywhere on site."
how much website development cost in india,N/A - QUOTA,N/A - QUOTA,N/A - QUOTA,N/A - QUOTA,N/A - QUOTA,Local/Commercial,Future Blog #16,VERY HIGH,"Google autocomplete verified question query; volume unknown",P0,India-qualified cost query; local price expectation.
average cost of website redesign,N/A - QUOTA,N/A - QUOTA,N/A - QUOTA,N/A - QUOTA,N/A - QUOTA,Commercial Investigation,Future Blog #16,VERY HIGH,"Google autocomplete verified question query; volume unknown",P0,Feeds website-redesign service page.
how much does web app development cost,N/A - QUOTA,N/A - QUOTA,N/A - QUOTA,N/A - QUOTA,N/A - QUOTA,Commercial Investigation,Future Blog #16,HIGH,"Google autocomplete verified question query; volume unknown",P1,Also: web app development cost; web application development cost.
how much website developer charge,N/A - QUOTA,N/A - QUOTA,N/A - QUOTA,N/A - QUOTA,N/A - QUOTA,Commercial Investigation,Future Blog #16,HIGH,"Google autocomplete verified question query; volume unknown",P1,Buyer-language phrasing; high pre-purchase intent.